<AssociationRequest>
  <ApplicationContextName Value="SN" />
  <SenderACSERequirements Value="1" />
  <MechanismName Value="LOW_SECURITY" />
  <CallingAuthenticationValue Value="3030303030303030" />
  <InitiateRequest>
    <ProposedDlmsVersionNumber Value="06" />
    <ProposedConformance>
      <ConformanceBit Name="ParametrizedAccess" />
      <ConformanceBit Name="MultipleReferences" />
      <ConformanceBit Name="Write" />
      <ConformanceBit Name="Read" />
    </ProposedConformance>
    <ProposedMaxPduSize Value="FFFF" />
  </InitiateRequest>
</AssociationRequest>