<GetRequest>
  <GetRequestNormal>
    <InvokeIdAndPriority Value="C1" />
    <AttributeDescriptor>
      <ClassId Value="0007" />
      <InstanceId Value="0100620200FF" />
      <AttributeId Value="02" />
    </AttributeDescriptor>
    <AccessSelection>
      <AccessSelector Value="01" />
      <AccessParameters>
        <Structure Qty="0004" >
          <Structure Qty="0004" >
            <LongUnsigned Value="0008" />
            <OctetString Value="0000010000FF" />
            <Integer Value="02" />
            <LongUnsigned Value="0000" />
          </Structure>
          <OctetString Value="07D60B01FF173B3BFF8000FF" />
          <OctetString Value="07D60B06FF173B3BFF8000FF" />
          <Array Qty="0000" >
          </Array>
        </Structure>
      </AccessParameters>
    </AccessSelection>
  </GetRequestNormal>
</GetRequest>